OrderID,ContactName,OrderDate
10643,"Maria Anders","1997-08-25 00:00:00"
10692,"Maria Anders","1997-10-03 00:00:00"
10702,"Maria Anders","1997-10-13 00:00:00"
10835,"Maria Anders","1998-01-15 00:00:00"
10952,"Maria Anders","1998-03-16 00:00:00"
11011,"Maria Anders","1998-04-09 00:00:00"
10308,"Ana Trujillo","1996-09-18 00:00:00"
10625,"Ana Trujillo","1997-08-08 00:00:00"
10759,"Ana Trujillo","1997-11-28 00:00:00"
10926,"Ana Trujillo","1998-03-04 00:00:00"
10365,"Antonio Moreno","1996-11-27 00:00:00"
10507,"Antonio Moreno","1997-04-15 00:00:00"
10535,"Antonio Moreno","1997-05-13 00:00:00"
10573,"Antonio Moreno","1997-06-19 00:00:00"
10677,"Antonio Moreno","1997-09-22 00:00:00"
10682,"Antonio Moreno","1997-09-25 00:00:00"
10856,"Antonio Moreno","1998-01-28 00:00:00"
10355,"Thomas Hardy","1996-11-15 00:00:00"
10383,"Thomas Hardy","1996-12-16 00:00:00"
10453,"Thomas Hardy","1997-02-21 00:00:00"
10558,"Thomas Hardy","1997-06-04 00:00:00"
10707,"Thomas Hardy","1997-10-16 00:00:00"
10741,"Thomas Hardy","1997-11-14 00:00:00"
10743,"Thomas Hardy","1997-11-17 00:00:00"
10768,"Thomas Hardy","1997-12-08 00:00:00"
10793,"Thomas Hardy","1997-12-24 00:00:00"
10864,"Thomas Hardy","1998-02-02 00:00:00"
10920,"Thomas Hardy","1998-03-03 00:00:00"
10953,"Thomas Hardy","1998-03-16 00:00:00"
11016,"Thomas Hardy","1998-04-10 00:00:00"
10278,"Christina Berglund","1996-08-12 00:00:00"
10280,"Christina Berglund","1996-08-14 00:00:00"
10384,"Christina Berglund","1996-12-16 00:00:00"
10444,"Christina Berglund","1997-02-12 00:00:00"
10445,"Christina Berglund","1997-02-13 00:00:00"
10524,"Christina Berglund","1997-05-01 00:00:00"
10572,"Christina Berglund","1997-06-18 00:00:00"
10626,"Christina Berglund","1997-08-11 00:00:00"
10654,"Christina Berglund","1997-09-02 00:00:00"
10672,"Christina Berglund","1997-09-17 00:00:00"
10689,"Christina Berglund","1997-10-01 00:00:00"
10733,"Christina Berglund","1997-11-07 00:00:00"
10778,"Christina Berglund","1997-12-16 00:00:00"
10837,"Christina Berglund","1998-01-16 00:00:00"
10857,"Christina Berglund","1998-01-28 00:00:00"
10866,"Christina Berglund","1998-02-03 00:00:00"
10875,"Christina Berglund","1998-02-06 00:00:00"
10924,"Christina Berglund","1998-03-04 00:00:00"
10501,"Hanna Moos","1997-04-09 00:00:00"
10509,"Hanna Moos","1997-04-17 00:00:00"
10582,"Hanna Moos","1997-06-27 00:00:00"
10614,"Hanna Moos","1997-07-29 00:00:00"
10853,"Hanna Moos","1998-01-27 00:00:00"
10956,"Hanna Moos","1998-03-17 00:00:00"
11058,"Hanna Moos","1998-04-29 00:00:00"
10265,"Frdrique Citeaux","1996-07-25 00:00:00"
10297,"Frdrique Citeaux","1996-09-04 00:00:00"
10360,"Frdrique Citeaux","1996-11-22 00:00:00"
10436,"Frdrique Citeaux","1997-02-05 00:00:00"
10449,"Frdrique Citeaux","1997-02-18 00:00:00"
10559,"Frdrique Citeaux","1997-06-05 00:00:00"
10566,"Frdrique Citeaux","1997-06-12 00:00:00"
10584,"Frdrique Citeaux","1997-06-30 00:00:00"
10628,"Frdrique Citeaux","1997-08-12 00:00:00"
10679,"Frdrique Citeaux","1997-09-23 00:00:00"
10826,"Frdrique Citeaux","1998-01-12 00:00:00"
10326,"Martn Sommer","1996-10-10 00:00:00"
10801,"Martn Sommer","1997-12-29 00:00:00"
10970,"Martn Sommer","1998-03-24 00:00:00"
10331,"Laurence Lebihan","1996-10-16 00:00:00"
10340,"Laurence Lebihan","1996-10-29 00:00:00"
10362,"Laurence Lebihan","1996-11-25 00:00:00"
10470,"Laurence Lebihan","1997-03-11 00:00:00"
10511,"Laurence Lebihan","1997-04-18 00:00:00"
10525,"Laurence Lebihan","1997-05-02 00:00:00"
10663,"Laurence Lebihan","1997-09-10 00:00:00"
10715,"Laurence Lebihan","1997-10-23 00:00:00"
10730,"Laurence Lebihan","1997-11-05 00:00:00"
10732,"Laurence Lebihan","1997-11-06 00:00:00"
10755,"Laurence Lebihan","1997-11-26 00:00:00"
10827,"Laurence Lebihan","1998-01-12 00:00:00"
10871,"Laurence Lebihan","1998-02-05 00:00:00"
10876,"Laurence Lebihan","1998-02-09 00:00:00"
10932,"Laurence Lebihan","1998-03-06 00:00:00"
10940,"Laurence Lebihan","1998-03-11 00:00:00"
11076,"Laurence Lebihan","1998-05-06 00:00:00"
10389,"Elizabeth Lincoln","1996-12-20 00:00:00"
10410,"Elizabeth Lincoln","1997-01-10 00:00:00"
10411,"Elizabeth Lincoln","1997-01-10 00:00:00"
10431,"Elizabeth Lincoln","1997-01-30 00:00:00"
10492,"Elizabeth Lincoln","1997-04-01 00:00:00"
10742,"Elizabeth Lincoln","1997-11-14 00:00:00"
10918,"Elizabeth Lincoln","1998-03-02 00:00:00"
10944,"Elizabeth Lincoln","1998-03-12 00:00:00"
10949,"Elizabeth Lincoln","1998-03-13 00:00:00"
10975,"Elizabeth Lincoln","1998-03-25 00:00:00"
10982,"Elizabeth Lincoln","1998-03-27 00:00:00"
11027,"Elizabeth Lincoln","1998-04-16 00:00:00"
11045,"Elizabeth Lincoln","1998-04-23 00:00:00"
11048,"Elizabeth Lincoln","1998-04-24 00:00:00"
10289,"Victoria Ashworth","1996-08-26 00:00:00"
10471,"Victoria Ashworth","1997-03-11 00:00:00"
10484,"Victoria Ashworth","1997-03-24 00:00:00"
10538,"Victoria Ashworth","1997-05-15 00:00:00"
10539,"Victoria Ashworth","1997-05-16 00:00:00"
10578,"Victoria Ashworth","1997-06-24 00:00:00"
10599,"Victoria Ashworth","1997-07-15 00:00:00"
10943,"Victoria Ashworth","1998-03-11 00:00:00"
10947,"Victoria Ashworth","1998-03-13 00:00:00"
11023,"Victoria Ashworth","1998-04-14 00:00:00"
10521,"Patricio Simpson","1997-04-29 00:00:00"
10782,"Patricio Simpson","1997-12-17 00:00:00"
10819,"Patricio Simpson","1998-01-07 00:00:00"
10881,"Patricio Simpson","1998-02-11 00:00:00"
10937,"Patricio Simpson","1998-03-10 00:00:00"
11054,"Patricio Simpson","1998-04-28 00:00:00"
10259,"Francisco Chang","1996-07-18 00:00:00"
10254,"Yang Wang","1996-07-11 00:00:00"
10370,"Yang Wang","1996-12-03 00:00:00"
10519,"Yang Wang","1997-04-28 00:00:00"
10731,"Yang Wang","1997-11-06 00:00:00"
10746,"Yang Wang","1997-11-19 00:00:00"
10966,"Yang Wang","1998-03-20 00:00:00"
11029,"Yang Wang","1998-04-16 00:00:00"
11041,"Yang Wang","1998-04-22 00:00:00"
10290,"Pedro Afonso","1996-08-27 00:00:00"
10466,"Pedro Afonso","1997-03-06 00:00:00"
10494,"Pedro Afonso","1997-04-02 00:00:00"
10969,"Pedro Afonso","1998-03-23 00:00:00"
11042,"Pedro Afonso","1998-04-22 00:00:00"
10435,"Elizabeth Brown","1997-02-04 00:00:00"
10462,"Elizabeth Brown","1997-03-03 00:00:00"
10848,"Elizabeth Brown","1998-01-23 00:00:00"
10363,"Sven Ottlieb","1996-11-26 00:00:00"
10391,"Sven Ottlieb","1996-12-23 00:00:00"
10797,"Sven Ottlieb","1997-12-25 00:00:00"
10825,"Sven Ottlieb","1998-01-09 00:00:00"
11036,"Sven Ottlieb","1998-04-20 00:00:00"
11067,"Sven Ottlieb","1998-05-04 00:00:00"
10311,"Janine Labrune","1996-09-20 00:00:00"
10609,"Janine Labrune","1997-07-24 00:00:00"
10683,"Janine Labrune","1997-09-26 00:00:00"
10890,"Janine Labrune","1998-02-16 00:00:00"
10364,"Ann Devon","1996-11-26 00:00:00"
10400,"Ann Devon","1997-01-01 00:00:00"
10532,"Ann Devon","1997-05-09 00:00:00"
10726,"Ann Devon","1997-11-03 00:00:00"
10987,"Ann Devon","1998-03-31 00:00:00"
11024,"Ann Devon","1998-04-15 00:00:00"
11047,"Ann Devon","1998-04-24 00:00:00"
11056,"Ann Devon","1998-04-28 00:00:00"
10258,"Roland Mendel","1996-07-17 00:00:00"
10263,"Roland Mendel","1996-07-23 00:00:00"
10351,"Roland Mendel","1996-11-11 00:00:00"
10368,"Roland Mendel","1996-11-29 00:00:00"
10382,"Roland Mendel","1996-12-13 00:00:00"
10390,"Roland Mendel","1996-12-23 00:00:00"
10402,"Roland Mendel","1997-01-02 00:00:00"
10403,"Roland Mendel","1997-01-03 00:00:00"
10430,"Roland Mendel","1997-01-30 00:00:00"
10442,"Roland Mendel","1997-02-11 00:00:00"
10514,"Roland Mendel","1997-04-22 00:00:00"
10571,"Roland Mendel","1997-06-17 00:00:00"
10595,"Roland Mendel","1997-07-10 00:00:00"
10633,"Roland Mendel","1997-08-15 00:00:00"
10667,"Roland Mendel","1997-09-12 00:00:00"
10698,"Roland Mendel","1997-10-09 00:00:00"
10764,"Roland Mendel","1997-12-03 00:00:00"
10771,"Roland Mendel","1997-12-10 00:00:00"
10773,"Roland Mendel","1997-12-11 00:00:00"
10776,"Roland Mendel","1997-12-15 00:00:00"
10795,"Roland Mendel","1997-12-24 00:00:00"
10836,"Roland Mendel","1998-01-16 00:00:00"
10854,"Roland Mendel","1998-01-27 00:00:00"
10895,"Roland Mendel","1998-02-18 00:00:00"
10968,"Roland Mendel","1998-03-23 00:00:00"
10979,"Roland Mendel","1998-03-26 00:00:00"
10990,"Roland Mendel","1998-04-01 00:00:00"
11008,"Roland Mendel","1998-04-08 00:00:00"
11017,"Roland Mendel","1998-04-13 00:00:00"
11072,"Roland Mendel","1998-05-05 00:00:00"
10347,"Aria Cruz","1996-11-06 00:00:00"
10386,"Aria Cruz","1996-12-18 00:00:00"
10414,"Aria Cruz","1997-01-14 00:00:00"
10512,"Aria Cruz","1997-04-21 00:00:00"
10581,"Aria Cruz","1997-06-26 00:00:00"
10650,"Aria Cruz","1997-08-29 00:00:00"
10725,"Aria Cruz","1997-10-31 00:00:00"
10408,"Martine Ranc","1997-01-08 00:00:00"
10480,"Martine Ranc","1997-03-20 00:00:00"
10634,"Martine Ranc","1997-08-15 00:00:00"
10763,"Martine Ranc","1997-12-03 00:00:00"
10789,"Martine Ranc","1997-12-22 00:00:00"
10264,"Maria Larsson","1996-07-24 00:00:00"
10327,"Maria Larsson","1996-10-11 00:00:00"
10378,"Maria Larsson","1996-12-10 00:00:00"
10434,"Maria Larsson","1997-02-03 00:00:00"
10460,"Maria Larsson","1997-02-28 00:00:00"
10533,"Maria Larsson","1997-05-12 00:00:00"
10561,"Maria Larsson","1997-06-06 00:00:00"
10703,"Maria Larsson","1997-10-14 00:00:00"
10762,"Maria Larsson","1997-12-02 00:00:00"
10774,"Maria Larsson","1997-12-11 00:00:00"
10824,"Maria Larsson","1998-01-09 00:00:00"
10880,"Maria Larsson","1998-02-10 00:00:00"
10902,"Maria Larsson","1998-02-23 00:00:00"
10955,"Maria Larsson","1998-03-17 00:00:00"
10977,"Maria Larsson","1998-03-26 00:00:00"
10980,"Maria Larsson","1998-03-27 00:00:00"
10993,"Maria Larsson","1998-04-01 00:00:00"
11001,"Maria Larsson","1998-04-06 00:00:00"
11050,"Maria Larsson","1998-04-27 00:00:00"
10267,"Peter Franken","1996-07-29 00:00:00"
10337,"Peter Franken","1996-10-24 00:00:00"
10342,"Peter Franken","1996-10-30 00:00:00"
10396,"Peter Franken","1996-12-27 00:00:00"
10488,"Peter Franken","1997-03-27 00:00:00"
10560,"Peter Franken","1997-06-06 00:00:00"
10623,"Peter Franken","1997-08-07 00:00:00"
10653,"Peter Franken","1997-09-02 00:00:00"
10670,"Peter Franken","1997-09-16 00:00:00"
10675,"Peter Franken","1997-09-19 00:00:00"
10717,"Peter Franken","1997-10-24 00:00:00"
10791,"Peter Franken","1997-12-23 00:00:00"
10859,"Peter Franken","1998-01-29 00:00:00"
10929,"Peter Franken","1998-03-05 00:00:00"
11012,"Peter Franken","1998-04-09 00:00:00"
10671,"Carine Schmitt","1997-09-17 00:00:00"
10860,"Carine Schmitt","1998-01-29 00:00:00"
10971,"Carine Schmitt","1998-03-24 00:00:00"
10422,"Paolo Accorti","1997-01-22 00:00:00"
10710,"Paolo Accorti","1997-10-20 00:00:00"
10753,"Paolo Accorti","1997-11-25 00:00:00"
10807,"Paolo Accorti","1997-12-31 00:00:00"
11026,"Paolo Accorti","1998-04-15 00:00:00"
11060,"Paolo Accorti","1998-04-30 00:00:00"
10328,"Lino Rodriguez","1996-10-14 00:00:00"
10352,"Lino Rodriguez","1996-11-12 00:00:00"
10464,"Lino Rodriguez","1997-03-04 00:00:00"
10491,"Lino Rodriguez","1997-03-31 00:00:00"
10551,"Lino Rodriguez","1997-05-28 00:00:00"
10604,"Lino Rodriguez","1997-07-18 00:00:00"
10664,"Lino Rodriguez","1997-09-10 00:00:00"
10963,"Lino Rodriguez","1998-03-19 00:00:00"
10366,"Eduardo Saavedra","1996-11-28 00:00:00"
10426,"Eduardo Saavedra","1997-01-27 00:00:00"
10568,"Eduardo Saavedra","1997-06-13 00:00:00"
10887,"Eduardo Saavedra","1998-02-13 00:00:00"
10928,"Eduardo Saavedra","1998-03-05 00:00:00"
10303,"Jos Pedro Freyre","1996-09-11 00:00:00"
10550,"Jos Pedro Freyre","1997-05-28 00:00:00"
10629,"Jos Pedro Freyre","1997-08-12 00:00:00"
10872,"Jos Pedro Freyre","1998-02-05 00:00:00"
10874,"Jos Pedro Freyre","1998-02-06 00:00:00"
10888,"Jos Pedro Freyre","1998-02-16 00:00:00"
10911,"Jos Pedro Freyre","1998-02-26 00:00:00"
10948,"Jos Pedro Freyre","1998-03-13 00:00:00"
11009,"Jos Pedro Freyre","1998-04-08 00:00:00"
11037,"Jos Pedro Freyre","1998-04-21 00:00:00"
10423,"Andr Fonseca","1997-01-23 00:00:00"
10652,"Andr Fonseca","1997-09-01 00:00:00"
10685,"Andr Fonseca","1997-09-29 00:00:00"
10709,"Andr Fonseca","1997-10-17 00:00:00"
10734,"Andr Fonseca","1997-11-07 00:00:00"
10777,"Andr Fonseca","1997-12-15 00:00:00"
10790,"Andr Fonseca","1997-12-22 00:00:00"
10959,"Andr Fonseca","1998-03-18 00:00:00"
11049,"Andr Fonseca","1998-04-24 00:00:00"
10528,"Howard Snyder","1997-05-06 00:00:00"
10589,"Howard Snyder","1997-07-04 00:00:00"
10616,"Howard Snyder","1997-07-31 00:00:00"
10617,"Howard Snyder","1997-07-31 00:00:00"
10656,"Howard Snyder","1997-09-04 00:00:00"
10681,"Howard Snyder","1997-09-25 00:00:00"
10816,"Howard Snyder","1998-01-06 00:00:00"
10936,"Howard Snyder","1998-03-09 00:00:00"
11006,"Howard Snyder","1998-04-07 00:00:00"
11040,"Howard Snyder","1998-04-22 00:00:00"
11061,"Howard Snyder","1998-04-30 00:00:00"
10268,"Manuel Pereira","1996-07-30 00:00:00"
10785,"Manuel Pereira","1997-12-18 00:00:00"
10250,"Mario Pontes","1996-07-08 00:00:00"
10253,"Mario Pontes","1996-07-10 00:00:00"
10541,"Mario Pontes","1997-05-19 00:00:00"
10645,"Mario Pontes","1997-08-26 00:00:00"
10690,"Mario Pontes","1997-10-02 00:00:00"
10770,"Mario Pontes","1997-12-09 00:00:00"
10783,"Mario Pontes","1997-12-18 00:00:00"
10886,"Mario Pontes","1998-02-13 00:00:00"
10903,"Mario Pontes","1998-02-24 00:00:00"
10922,"Mario Pontes","1998-03-03 00:00:00"
10925,"Mario Pontes","1998-03-04 00:00:00"
10981,"Mario Pontes","1998-03-27 00:00:00"
11022,"Mario Pontes","1998-04-14 00:00:00"
11052,"Mario Pontes","1998-04-27 00:00:00"
10257,"Carlos Hernndez","1996-07-16 00:00:00"
10395,"Carlos Hernndez","1996-12-26 00:00:00"
10476,"Carlos Hernndez","1997-03-17 00:00:00"
10486,"Carlos Hernndez","1997-03-26 00:00:00"
10490,"Carlos Hernndez","1997-03-31 00:00:00"
10498,"Carlos Hernndez","1997-04-07 00:00:00"
10552,"Carlos Hernndez","1997-05-29 00:00:00"
10601,"Carlos Hernndez","1997-07-16 00:00:00"
10613,"Carlos Hernndez","1997-07-29 00:00:00"
10641,"Carlos Hernndez","1997-08-22 00:00:00"
10705,"Carlos Hernndez","1997-10-15 00:00:00"
10796,"Carlos Hernndez","1997-12-25 00:00:00"
10863,"Carlos Hernndez","1998-02-02 00:00:00"
10901,"Carlos Hernndez","1998-02-23 00:00:00"
10957,"Carlos Hernndez","1998-03-18 00:00:00"
10960,"Carlos Hernndez","1998-03-19 00:00:00"
10976,"Carlos Hernndez","1998-03-25 00:00:00"
11055,"Carlos Hernndez","1998-04-28 00:00:00"
10375,"Yoshi Latimer","1996-12-06 00:00:00"
10394,"Yoshi Latimer","1996-12-25 00:00:00"
10415,"Yoshi Latimer","1997-01-15 00:00:00"
10600,"Yoshi Latimer","1997-07-16 00:00:00"
10660,"Yoshi Latimer","1997-09-08 00:00:00"
10298,"Patricia McKenna","1996-09-05 00:00:00"
10309,"Patricia McKenna","1996-09-19 00:00:00"
10335,"Patricia McKenna","1996-10-22 00:00:00"
10373,"Patricia McKenna","1996-12-05 00:00:00"
10380,"Patricia McKenna","1996-12-12 00:00:00"
10429,"Patricia McKenna","1997-01-29 00:00:00"
10503,"Patricia McKenna","1997-04-11 00:00:00"
10516,"Patricia McKenna","1997-04-24 00:00:00"
10567,"Patricia McKenna","1997-06-12 00:00:00"
10646,"Patricia McKenna","1997-08-27 00:00:00"
10661,"Patricia McKenna","1997-09-09 00:00:00"
10687,"Patricia McKenna","1997-09-30 00:00:00"
10701,"Patricia McKenna","1997-10-13 00:00:00"
10712,"Patricia McKenna","1997-10-21 00:00:00"
10736,"Patricia McKenna","1997-11-11 00:00:00"
10897,"Patricia McKenna","1998-02-19 00:00:00"
10912,"Patricia McKenna","1998-02-26 00:00:00"
10985,"Patricia McKenna","1998-03-30 00:00:00"
11063,"Patricia McKenna","1998-04-30 00:00:00"
10315,"Helen Bennett","1996-09-26 00:00:00"
10318,"Helen Bennett","1996-10-01 00:00:00"
10321,"Helen Bennett","1996-10-03 00:00:00"
10473,"Helen Bennett","1997-03-13 00:00:00"
10621,"Helen Bennett","1997-08-05 00:00:00"
10674,"Helen Bennett","1997-09-18 00:00:00"
10749,"Helen Bennett","1997-11-20 00:00:00"
10798,"Helen Bennett","1997-12-26 00:00:00"
10829,"Helen Bennett","1998-01-13 00:00:00"
10933,"Helen Bennett","1998-03-06 00:00:00"
10323,"Philip Cramer","1996-10-07 00:00:00"
10325,"Philip Cramer","1996-10-09 00:00:00"
10456,"Philip Cramer","1997-02-25 00:00:00"
10457,"Philip Cramer","1997-02-25 00:00:00"
10468,"Philip Cramer","1997-03-07 00:00:00"
10506,"Philip Cramer","1997-04-15 00:00:00"
10542,"Philip Cramer","1997-05-20 00:00:00"
10630,"Philip Cramer","1997-08-13 00:00:00"
10718,"Philip Cramer","1997-10-27 00:00:00"
10799,"Philip Cramer","1997-12-26 00:00:00"
10817,"Philip Cramer","1998-01-06 00:00:00"
10849,"Philip Cramer","1998-01-23 00:00:00"
10893,"Philip Cramer","1998-02-18 00:00:00"
11028,"Philip Cramer","1998-04-16 00:00:00"
10858,"Daniel Tonini","1998-01-29 00:00:00"
10927,"Daniel Tonini","1998-03-05 00:00:00"
10972,"Daniel Tonini","1998-03-24 00:00:00"
10973,"Daniel Tonini","1998-03-24 00:00:00"
10350,"Annette Roulet","1996-11-11 00:00:00"
10358,"Annette Roulet","1996-11-20 00:00:00"
10371,"Annette Roulet","1996-12-03 00:00:00"
10413,"Annette Roulet","1997-01-14 00:00:00"
10425,"Annette Roulet","1997-01-24 00:00:00"
10454,"Annette Roulet","1997-02-21 00:00:00"
10493,"Annette Roulet","1997-04-02 00:00:00"
10500,"Annette Roulet","1997-04-09 00:00:00"
10610,"Annette Roulet","1997-07-25 00:00:00"
10631,"Annette Roulet","1997-08-14 00:00:00"
10787,"Annette Roulet","1997-12-19 00:00:00"
10832,"Annette Roulet","1998-01-14 00:00:00"
10923,"Annette Roulet","1998-03-03 00:00:00"
11051,"Annette Roulet","1998-04-27 00:00:00"
10495,"Yoshi Tannamuri","1997-04-03 00:00:00"
10620,"Yoshi Tannamuri","1997-08-05 00:00:00"
10810,"Yoshi Tannamuri","1998-01-01 00:00:00"
10482,"John Steel","1997-03-21 00:00:00"
10545,"John Steel","1997-05-22 00:00:00"
10279,"Renate Messner","1996-08-13 00:00:00"
10284,"Renate Messner","1996-08-19 00:00:00"
10343,"Renate Messner","1996-10-31 00:00:00"
10497,"Renate Messner","1997-04-04 00:00:00"
10522,"Renate Messner","1997-04-30 00:00:00"
10534,"Renate Messner","1997-05-12 00:00:00"
10536,"Renate Messner","1997-05-14 00:00:00"
10557,"Renate Messner","1997-06-03 00:00:00"
10592,"Renate Messner","1997-07-08 00:00:00"
10593,"Renate Messner","1997-07-09 00:00:00"
10772,"Renate Messner","1997-12-10 00:00:00"
10862,"Renate Messner","1998-01-30 00:00:00"
10891,"Renate Messner","1998-02-17 00:00:00"
10934,"Renate Messner","1998-03-09 00:00:00"
11070,"Renate Messner","1998-05-05 00:00:00"
10579,"Jaime Yorres","1997-06-25 00:00:00"
10719,"Jaime Yorres","1997-10-27 00:00:00"
10735,"Jaime Yorres","1997-11-10 00:00:00"
10884,"Jaime Yorres","1998-02-12 00:00:00"
10283,"Carlos Gonzlez","1996-08-16 00:00:00"
10296,"Carlos Gonzlez","1996-09-03 00:00:00"
10330,"Carlos Gonzlez","1996-10-16 00:00:00"
10357,"Carlos Gonzlez","1996-11-19 00:00:00"
10381,"Carlos Gonzlez","1996-12-12 00:00:00"
10461,"Carlos Gonzlez","1997-02-28 00:00:00"
10499,"Carlos Gonzlez","1997-04-08 00:00:00"
10543,"Carlos Gonzlez","1997-05-21 00:00:00"
10780,"Carlos Gonzlez","1997-12-16 00:00:00"
10823,"Carlos Gonzlez","1998-01-09 00:00:00"
10899,"Carlos Gonzlez","1998-02-20 00:00:00"
10997,"Carlos Gonzlez","1998-04-03 00:00:00"
11065,"Carlos Gonzlez","1998-05-01 00:00:00"
11071,"Carlos Gonzlez","1998-05-05 00:00:00"
10405,"Felipe Izquierdo","1997-01-06 00:00:00"
10485,"Felipe Izquierdo","1997-03-25 00:00:00"
10638,"Felipe Izquierdo","1997-08-20 00:00:00"
10697,"Felipe Izquierdo","1997-10-08 00:00:00"
10729,"Felipe Izquierdo","1997-11-04 00:00:00"
10811,"Felipe Izquierdo","1998-01-02 00:00:00"
10838,"Felipe Izquierdo","1998-01-19 00:00:00"
10840,"Felipe Izquierdo","1998-01-19 00:00:00"
10919,"Felipe Izquierdo","1998-03-02 00:00:00"
10954,"Felipe Izquierdo","1998-03-17 00:00:00"
11014,"Felipe Izquierdo","1998-04-10 00:00:00"
11039,"Felipe Izquierdo","1998-04-21 00:00:00"
10307,"Fran Wilson","1996-09-17 00:00:00"
10317,"Fran Wilson","1996-09-30 00:00:00"
10544,"Fran Wilson","1997-05-21 00:00:00"
10662,"Fran Wilson","1997-09-09 00:00:00"
10665,"Fran Wilson","1997-09-11 00:00:00"
10867,"Fran Wilson","1998-02-03 00:00:00"
10883,"Fran Wilson","1998-02-12 00:00:00"
11018,"Fran Wilson","1998-04-13 00:00:00"
10275,"Giovanni Rovelli","1996-08-07 00:00:00"
10300,"Giovanni Rovelli","1996-09-09 00:00:00"
10404,"Giovanni Rovelli","1997-01-03 00:00:00"
10467,"Giovanni Rovelli","1997-03-06 00:00:00"
10635,"Giovanni Rovelli","1997-08-18 00:00:00"
10754,"Giovanni Rovelli","1997-11-25 00:00:00"
10784,"Giovanni Rovelli","1997-12-18 00:00:00"
10818,"Giovanni Rovelli","1998-01-07 00:00:00"
10939,"Giovanni Rovelli","1998-03-10 00:00:00"
10950,"Giovanni Rovelli","1998-03-16 00:00:00"
10529,"Catherine Dewey","1997-05-07 00:00:00"
10649,"Catherine Dewey","1997-08-28 00:00:00"
10760,"Catherine Dewey","1997-12-01 00:00:00"
10892,"Catherine Dewey","1998-02-17 00:00:00"
10896,"Catherine Dewey","1998-02-19 00:00:00"
10978,"Catherine Dewey","1998-03-26 00:00:00"
11004,"Catherine Dewey","1998-04-07 00:00:00"
10332,"Jean Fresnire","1996-10-17 00:00:00"
10339,"Jean Fresnire","1996-10-28 00:00:00"
10376,"Jean Fresnire","1996-12-09 00:00:00"
10424,"Jean Fresnire","1997-01-23 00:00:00"
10439,"Jean Fresnire","1997-02-07 00:00:00"
10505,"Jean Fresnire","1997-04-14 00:00:00"
10565,"Jean Fresnire","1997-06-11 00:00:00"
10570,"Jean Fresnire","1997-06-17 00:00:00"
10590,"Jean Fresnire","1997-07-07 00:00:00"
10605,"Jean Fresnire","1997-07-21 00:00:00"
10618,"Jean Fresnire","1997-08-01 00:00:00"
10619,"Jean Fresnire","1997-08-04 00:00:00"
10724,"Jean Fresnire","1997-10-30 00:00:00"
10277,"Alexander Feuer","1996-08-09 00:00:00"
10575,"Alexander Feuer","1997-06-20 00:00:00"
10699,"Alexander Feuer","1997-10-09 00:00:00"
10779,"Alexander Feuer","1997-12-16 00:00:00"
10945,"Alexander Feuer","1998-03-12 00:00:00"
10517,"Simon Crowther","1997-04-24 00:00:00"
10752,"Simon Crowther","1997-11-24 00:00:00"
11057,"Simon Crowther","1998-04-29 00:00:00"
10409,"Yvonne Moncada","1997-01-09 00:00:00"
10531,"Yvonne Moncada","1997-05-08 00:00:00"
10898,"Yvonne Moncada","1998-02-20 00:00:00"
10958,"Yvonne Moncada","1998-03-18 00:00:00"
10986,"Yvonne Moncada","1998-03-30 00:00:00"
10305,"Rene Phillips","1996-09-13 00:00:00"
10338,"Rene Phillips","1996-10-25 00:00:00"
10441,"Rene Phillips","1997-02-10 00:00:00"
10594,"Rene Phillips","1997-07-09 00:00:00"
10680,"Rene Phillips","1997-09-24 00:00:00"
10706,"Rene Phillips","1997-10-16 00:00:00"
10808,"Rene Phillips","1998-01-01 00:00:00"
10855,"Rene Phillips","1998-01-27 00:00:00"
10965,"Rene Phillips","1998-03-20 00:00:00"
11034,"Rene Phillips","1998-04-20 00:00:00"
10260,"Henriette Pfalzheim","1996-07-19 00:00:00"
10407,"Henriette Pfalzheim","1997-01-07 00:00:00"
10508,"Henriette Pfalzheim","1997-04-16 00:00:00"
10554,"Henriette Pfalzheim","1997-05-30 00:00:00"
10580,"Henriette Pfalzheim","1997-06-26 00:00:00"
10684,"Henriette Pfalzheim","1997-09-26 00:00:00"
10766,"Henriette Pfalzheim","1997-12-05 00:00:00"
10833,"Henriette Pfalzheim","1998-01-15 00:00:00"
10999,"Henriette Pfalzheim","1998-04-03 00:00:00"
11020,"Henriette Pfalzheim","1998-04-14 00:00:00"
10322,"Guillermo Fernndez","1996-10-04 00:00:00"
10354,"Guillermo Fernndez","1996-11-14 00:00:00"
10474,"Guillermo Fernndez","1997-03-13 00:00:00"
10502,"Guillermo Fernndez","1997-04-10 00:00:00"
10995,"Guillermo Fernndez","1998-04-02 00:00:00"
11073,"Guillermo Fernndez","1998-05-05 00:00:00"
10353,"Georg Pipps","1996-11-13 00:00:00"
10392,"Georg Pipps","1996-12-24 00:00:00"
10427,"Georg Pipps","1997-01-27 00:00:00"
10489,"Georg Pipps","1997-03-28 00:00:00"
10530,"Georg Pipps","1997-05-08 00:00:00"
10597,"Georg Pipps","1997-07-11 00:00:00"
10686,"Georg Pipps","1997-09-30 00:00:00"
10747,"Georg Pipps","1997-11-19 00:00:00"
10844,"Georg Pipps","1998-01-21 00:00:00"
11053,"Georg Pipps","1998-04-27 00:00:00"
10336,"Isabel de Castro","1996-10-23 00:00:00"
10397,"Isabel de Castro","1996-12-27 00:00:00"
10433,"Isabel de Castro","1997-02-03 00:00:00"
10477,"Isabel de Castro","1997-03-17 00:00:00"
11007,"Isabel de Castro","1998-04-08 00:00:00"
10261,"Bernardo Batista","1996-07-19 00:00:00"
10291,"Bernardo Batista","1996-08-27 00:00:00"
10379,"Bernardo Batista","1996-12-11 00:00:00"
10421,"Bernardo Batista","1997-01-21 00:00:00"
10587,"Bernardo Batista","1997-07-02 00:00:00"
10647,"Bernardo Batista","1997-08-27 00:00:00"
10720,"Bernardo Batista","1997-10-28 00:00:00"
10794,"Bernardo Batista","1997-12-24 00:00:00"
10989,"Bernardo Batista","1998-03-31 00:00:00"
10372,"Lcia Carvalho","1996-12-04 00:00:00"
10406,"Lcia Carvalho","1997-01-07 00:00:00"
10487,"Lcia Carvalho","1997-03-26 00:00:00"
10637,"Lcia Carvalho","1997-08-19 00:00:00"
10659,"Lcia Carvalho","1997-09-05 00:00:00"
10704,"Lcia Carvalho","1997-10-14 00:00:00"
10728,"Lcia Carvalho","1997-11-04 00:00:00"
10786,"Lcia Carvalho","1997-12-19 00:00:00"
10868,"Lcia Carvalho","1998-02-04 00:00:00"
10913,"Lcia Carvalho","1998-02-26 00:00:00"
10914,"Lcia Carvalho","1998-02-27 00:00:00"
10961,"Lcia Carvalho","1998-03-19 00:00:00"
11068,"Lcia Carvalho","1998-05-04 00:00:00"
10273,"Horst Kloss","1996-08-05 00:00:00"
10285,"Horst Kloss","1996-08-20 00:00:00"
10286,"Horst Kloss","1996-08-21 00:00:00"
10313,"Horst Kloss","1996-09-24 00:00:00"
10345,"Horst Kloss","1996-11-04 00:00:00"
10361,"Horst Kloss","1996-11-22 00:00:00"
10418,"Horst Kloss","1997-01-17 00:00:00"
10451,"Horst Kloss","1997-02-19 00:00:00"
10515,"Horst Kloss","1997-04-23 00:00:00"
10527,"Horst Kloss","1997-05-05 00:00:00"
10540,"Horst Kloss","1997-05-19 00:00:00"
10549,"Horst Kloss","1997-05-27 00:00:00"
10588,"Horst Kloss","1997-07-03 00:00:00"
10658,"Horst Kloss","1997-09-05 00:00:00"
10691,"Horst Kloss","1997-10-03 00:00:00"
10694,"Horst Kloss","1997-10-06 00:00:00"
10721,"Horst Kloss","1997-10-29 00:00:00"
10745,"Horst Kloss","1997-11-18 00:00:00"
10765,"Horst Kloss","1997-12-04 00:00:00"
10788,"Horst Kloss","1997-12-22 00:00:00"
10845,"Horst Kloss","1998-01-21 00:00:00"
10865,"Horst Kloss","1998-02-02 00:00:00"
10878,"Horst Kloss","1998-02-10 00:00:00"
10938,"Horst Kloss","1998-03-10 00:00:00"
10962,"Horst Kloss","1998-03-19 00:00:00"
10991,"Horst Kloss","1998-04-01 00:00:00"
10996,"Horst Kloss","1998-04-02 00:00:00"
11021,"Horst Kloss","1998-04-14 00:00:00"
10448,"Sergio Gutirrez","1997-02-17 00:00:00"
10716,"Sergio Gutirrez","1997-10-24 00:00:00"
10828,"Sergio Gutirrez","1998-01-13 00:00:00"
10916,"Sergio Gutirrez","1998-02-27 00:00:00"
11019,"Sergio Gutirrez","1998-04-13 00:00:00"
10262,"Paula Wilson","1996-07-22 00:00:00"
10272,"Paula Wilson","1996-08-02 00:00:00"
10294,"Paula Wilson","1996-08-30 00:00:00"
10314,"Paula Wilson","1996-09-25 00:00:00"
10316,"Paula Wilson","1996-09-27 00:00:00"
10346,"Paula Wilson","1996-11-05 00:00:00"
10401,"Paula Wilson","1997-01-01 00:00:00"
10479,"Paula Wilson","1997-03-19 00:00:00"
10564,"Paula Wilson","1997-06-10 00:00:00"
10569,"Paula Wilson","1997-06-16 00:00:00"
10598,"Paula Wilson","1997-07-14 00:00:00"
10761,"Paula Wilson","1997-12-02 00:00:00"
10820,"Paula Wilson","1998-01-07 00:00:00"
10852,"Paula Wilson","1998-01-26 00:00:00"
10889,"Paula Wilson","1998-02-16 00:00:00"
10988,"Paula Wilson","1998-03-31 00:00:00"
11000,"Paula Wilson","1998-04-06 00:00:00"
11077,"Paula Wilson","1998-05-06 00:00:00"
10288,"Maurizio Moroni","1996-08-23 00:00:00"
10428,"Maurizio Moroni","1997-01-28 00:00:00"
10443,"Maurizio Moroni","1997-02-12 00:00:00"
10562,"Maurizio Moroni","1997-06-09 00:00:00"
10586,"Maurizio Moroni","1997-07-02 00:00:00"
10655,"Maurizio Moroni","1997-09-03 00:00:00"
10727,"Maurizio Moroni","1997-11-03 00:00:00"
10812,"Maurizio Moroni","1998-01-02 00:00:00"
10908,"Maurizio Moroni","1998-02-26 00:00:00"
10942,"Maurizio Moroni","1998-03-11 00:00:00"
11010,"Maurizio Moroni","1998-04-09 00:00:00"
11062,"Maurizio Moroni","1998-04-30 00:00:00"
10287,"Janete Limeira","1996-08-22 00:00:00"
10299,"Janete Limeira","1996-09-06 00:00:00"
10447,"Janete Limeira","1997-02-14 00:00:00"
10481,"Janete Limeira","1997-03-20 00:00:00"
10563,"Janete Limeira","1997-06-10 00:00:00"
10622,"Janete Limeira","1997-08-06 00:00:00"
10648,"Janete Limeira","1997-08-28 00:00:00"
10813,"Janete Limeira","1998-01-05 00:00:00"
10851,"Janete Limeira","1998-01-26 00:00:00"
10877,"Janete Limeira","1998-02-09 00:00:00"
11059,"Janete Limeira","1998-04-29 00:00:00"
10255,"Michael Holz","1996-07-12 00:00:00"
10419,"Michael Holz","1997-01-20 00:00:00"
10537,"Michael Holz","1997-05-14 00:00:00"
10666,"Michael Holz","1997-09-12 00:00:00"
10751,"Michael Holz","1997-11-24 00:00:00"
10758,"Michael Holz","1997-11-28 00:00:00"
10931,"Michael Holz","1998-03-06 00:00:00"
10951,"Michael Holz","1998-03-16 00:00:00"
11033,"Michael Holz","1998-04-17 00:00:00"
11075,"Michael Holz","1998-05-06 00:00:00"
10281,"Alejandra Camino","1996-08-14 00:00:00"
10282,"Alejandra Camino","1996-08-15 00:00:00"
10306,"Alejandra Camino","1996-09-16 00:00:00"
10917,"Alejandra Camino","1998-03-02 00:00:00"
11013,"Alejandra Camino","1998-04-09 00:00:00"
10387,"Jonas Bergulfsen","1996-12-18 00:00:00"
10520,"Jonas Bergulfsen","1997-04-29 00:00:00"
10639,"Jonas Bergulfsen","1997-08-20 00:00:00"
10831,"Jonas Bergulfsen","1998-01-14 00:00:00"
10909,"Jonas Bergulfsen","1998-02-26 00:00:00"
11015,"Jonas Bergulfsen","1998-04-10 00:00:00"
10324,"Jose Pavarotti","1996-10-08 00:00:00"
10393,"Jose Pavarotti","1996-12-25 00:00:00"
10398,"Jose Pavarotti","1996-12-30 00:00:00"
10440,"Jose Pavarotti","1997-02-10 00:00:00"
10452,"Jose Pavarotti","1997-02-20 00:00:00"
10510,"Jose Pavarotti","1997-04-18 00:00:00"
10555,"Jose Pavarotti","1997-06-02 00:00:00"
10603,"Jose Pavarotti","1997-07-18 00:00:00"
10607,"Jose Pavarotti","1997-07-22 00:00:00"
10612,"Jose Pavarotti","1997-07-28 00:00:00"
10627,"Jose Pavarotti","1997-08-11 00:00:00"
10657,"Jose Pavarotti","1997-09-04 00:00:00"
10678,"Jose Pavarotti","1997-09-23 00:00:00"
10700,"Jose Pavarotti","1997-10-10 00:00:00"
10711,"Jose Pavarotti","1997-10-21 00:00:00"
10713,"Jose Pavarotti","1997-10-22 00:00:00"
10714,"Jose Pavarotti","1997-10-22 00:00:00"
10722,"Jose Pavarotti","1997-10-29 00:00:00"
10748,"Jose Pavarotti","1997-11-20 00:00:00"
10757,"Jose Pavarotti","1997-11-27 00:00:00"
10815,"Jose Pavarotti","1998-01-05 00:00:00"
10847,"Jose Pavarotti","1998-01-22 00:00:00"
10882,"Jose Pavarotti","1998-02-11 00:00:00"
10894,"Jose Pavarotti","1998-02-18 00:00:00"
10941,"Jose Pavarotti","1998-03-11 00:00:00"
10983,"Jose Pavarotti","1998-03-27 00:00:00"
10984,"Jose Pavarotti","1998-03-30 00:00:00"
11002,"Jose Pavarotti","1998-04-06 00:00:00"
11030,"Jose Pavarotti","1998-04-17 00:00:00"
11031,"Jose Pavarotti","1998-04-17 00:00:00"
11064,"Jose Pavarotti","1998-05-01 00:00:00"
10359,"Hari Kumar","1996-11-21 00:00:00"
10377,"Hari Kumar","1996-12-09 00:00:00"
10388,"Hari Kumar","1996-12-19 00:00:00"
10472,"Hari Kumar","1997-03-12 00:00:00"
10523,"Hari Kumar","1997-05-01 00:00:00"
10547,"Hari Kumar","1997-05-23 00:00:00"
10800,"Hari Kumar","1997-12-26 00:00:00"
10804,"Hari Kumar","1997-12-30 00:00:00"
10869,"Hari Kumar","1998-02-04 00:00:00"
10341,"Jytte Petersen","1996-10-29 00:00:00"
10417,"Jytte Petersen","1997-01-16 00:00:00"
10556,"Jytte Petersen","1997-06-03 00:00:00"
10642,"Jytte Petersen","1997-08-22 00:00:00"
10669,"Jytte Petersen","1997-09-15 00:00:00"
10802,"Jytte Petersen","1997-12-29 00:00:00"
11074,"Jytte Petersen","1998-05-06 00:00:00"
10738,"Dominique Perrier","1997-11-12 00:00:00"
10907,"Dominique Perrier","1998-02-25 00:00:00"
10964,"Dominique Perrier","1998-03-20 00:00:00"
11043,"Dominique Perrier","1998-04-22 00:00:00"
10271,"Art Braunschweiger","1996-08-01 00:00:00"
10329,"Art Braunschweiger","1996-10-15 00:00:00"
10349,"Art Braunschweiger","1996-11-08 00:00:00"
10369,"Art Braunschweiger","1996-12-02 00:00:00"
10385,"Art Braunschweiger","1996-12-17 00:00:00"
10432,"Art Braunschweiger","1997-01-31 00:00:00"
10756,"Art Braunschweiger","1997-11-27 00:00:00"
10821,"Art Braunschweiger","1998-01-08 00:00:00"
10974,"Art Braunschweiger","1998-03-25 00:00:00"
10252,"Pascale Cartrain","1996-07-09 00:00:00"
10302,"Pascale Cartrain","1996-09-10 00:00:00"
10458,"Pascale Cartrain","1997-02-26 00:00:00"
10463,"Pascale Cartrain","1997-03-04 00:00:00"
10475,"Pascale Cartrain","1997-03-14 00:00:00"
10767,"Pascale Cartrain","1997-12-05 00:00:00"
10841,"Pascale Cartrain","1998-01-20 00:00:00"
10846,"Pascale Cartrain","1998-01-22 00:00:00"
10885,"Pascale Cartrain","1998-02-12 00:00:00"
10930,"Pascale Cartrain","1998-03-06 00:00:00"
11035,"Pascale Cartrain","1998-04-20 00:00:00"
11038,"Pascale Cartrain","1998-04-21 00:00:00"
10310,"Liz Nixon","1996-09-20 00:00:00"
10708,"Liz Nixon","1997-10-17 00:00:00"
10805,"Liz Nixon","1997-12-30 00:00:00"
10992,"Liz Nixon","1998-04-01 00:00:00"
10624,"Liu Wong","1997-08-07 00:00:00"
10775,"Liu Wong","1997-12-12 00:00:00"
11003,"Liu Wong","1998-04-06 00:00:00"
10249,"Karin Josephs","1996-07-05 00:00:00"
10438,"Karin Josephs","1997-02-06 00:00:00"
10446,"Karin Josephs","1997-02-14 00:00:00"
10548,"Karin Josephs","1997-05-26 00:00:00"
10608,"Karin Josephs","1997-07-23 00:00:00"
10967,"Karin Josephs","1998-03-23 00:00:00"
10276,"Miguel Angel Paolino","1996-08-08 00:00:00"
10293,"Miguel Angel Paolino","1996-08-29 00:00:00"
10304,"Miguel Angel Paolino","1996-09-12 00:00:00"
10319,"Miguel Angel Paolino","1996-10-02 00:00:00"
10518,"Miguel Angel Paolino","1997-04-25 00:00:00"
10576,"Miguel Angel Paolino","1997-06-23 00:00:00"
10676,"Miguel Angel Paolino","1997-09-22 00:00:00"
10842,"Miguel Angel Paolino","1998-01-20 00:00:00"
10915,"Miguel Angel Paolino","1998-02-27 00:00:00"
11069,"Miguel Angel Paolino","1998-05-04 00:00:00"
10292,"Anabela Domingues","1996-08-28 00:00:00"
10496,"Anabela Domingues","1997-04-04 00:00:00"
10606,"Anabela Domingues","1997-07-22 00:00:00"
10830,"Anabela Domingues","1998-01-13 00:00:00"
10834,"Anabela Domingues","1998-01-15 00:00:00"
10839,"Anabela Domingues","1998-01-19 00:00:00"
10574,"Helvetius Nagy","1997-06-19 00:00:00"
10577,"Helvetius Nagy","1997-06-23 00:00:00"
10822,"Helvetius Nagy","1998-01-08 00:00:00"
10367,"Palle Ibsen","1996-11-28 00:00:00"
10399,"Palle Ibsen","1996-12-31 00:00:00"
10465,"Palle Ibsen","1997-03-05 00:00:00"
10591,"Palle Ibsen","1997-07-07 00:00:00"
10602,"Palle Ibsen","1997-07-17 00:00:00"
10688,"Palle Ibsen","1997-10-01 00:00:00"
10744,"Palle Ibsen","1997-11-17 00:00:00"
10769,"Palle Ibsen","1997-12-08 00:00:00"
10921,"Palle Ibsen","1998-03-03 00:00:00"
10946,"Palle Ibsen","1998-03-12 00:00:00"
10994,"Palle Ibsen","1998-04-02 00:00:00"
10251,"Mary Saveley","1996-07-08 00:00:00"
10334,"Mary Saveley","1996-10-21 00:00:00"
10450,"Mary Saveley","1997-02-19 00:00:00"
10459,"Mary Saveley","1997-02-27 00:00:00"
10478,"Mary Saveley","1997-03-18 00:00:00"
10546,"Mary Saveley","1997-05-23 00:00:00"
10806,"Mary Saveley","1997-12-31 00:00:00"
10814,"Mary Saveley","1998-01-05 00:00:00"
10843,"Mary Saveley","1998-01-21 00:00:00"
10850,"Mary Saveley","1998-01-23 00:00:00"
10248,"Paul Henriot","1996-07-04 00:00:00"
10274,"Paul Henriot","1996-08-06 00:00:00"
10295,"Paul Henriot","1996-09-02 00:00:00"
10737,"Paul Henriot","1997-11-11 00:00:00"
10739,"Paul Henriot","1997-11-12 00:00:00"
10301,"Rita Mller","1996-09-09 00:00:00"
10312,"Rita Mller","1996-09-23 00:00:00"
10348,"Rita Mller","1996-11-07 00:00:00"
10356,"Rita Mller","1996-11-18 00:00:00"
10513,"Rita Mller","1997-04-22 00:00:00"
10632,"Rita Mller","1997-08-14 00:00:00"
10640,"Rita Mller","1997-08-21 00:00:00"
10651,"Rita Mller","1997-09-01 00:00:00"
10668,"Rita Mller","1997-09-15 00:00:00"
11046,"Rita Mller","1998-04-23 00:00:00"
10266,"Pirkko Koskitalo","1996-07-26 00:00:00"
10270,"Pirkko Koskitalo","1996-08-01 00:00:00"
10320,"Pirkko Koskitalo","1996-10-03 00:00:00"
10333,"Pirkko Koskitalo","1996-10-18 00:00:00"
10412,"Pirkko Koskitalo","1997-01-13 00:00:00"
10416,"Pirkko Koskitalo","1997-01-16 00:00:00"
10437,"Pirkko Koskitalo","1997-02-05 00:00:00"
10455,"Pirkko Koskitalo","1997-02-24 00:00:00"
10526,"Pirkko Koskitalo","1997-05-05 00:00:00"
10553,"Pirkko Koskitalo","1997-05-30 00:00:00"
10583,"Pirkko Koskitalo","1997-06-30 00:00:00"
10636,"Pirkko Koskitalo","1997-08-19 00:00:00"
10750,"Pirkko Koskitalo","1997-11-21 00:00:00"
10781,"Pirkko Koskitalo","1997-12-17 00:00:00"
11025,"Pirkko Koskitalo","1998-04-15 00:00:00"
10256,"Paula Parente","1996-07-15 00:00:00"
10420,"Paula Parente","1997-01-21 00:00:00"
10585,"Paula Parente","1997-07-01 00:00:00"
10644,"Paula Parente","1997-08-25 00:00:00"
10803,"Paula Parente","1997-12-30 00:00:00"
10809,"Paula Parente","1998-01-01 00:00:00"
10900,"Paula Parente","1998-02-20 00:00:00"
10905,"Paula Parente","1998-02-24 00:00:00"
10935,"Paula Parente","1998-03-09 00:00:00"
10269,"Karl Jablonski","1996-07-31 00:00:00"
10344,"Karl Jablonski","1996-11-01 00:00:00"
10469,"Karl Jablonski","1997-03-10 00:00:00"
10483,"Karl Jablonski","1997-03-24 00:00:00"
10504,"Karl Jablonski","1997-04-11 00:00:00"
10596,"Karl Jablonski","1997-07-11 00:00:00"
10693,"Karl Jablonski","1997-10-06 00:00:00"
10696,"Karl Jablonski","1997-10-08 00:00:00"
10723,"Karl Jablonski","1997-10-30 00:00:00"
10740,"Karl Jablonski","1997-11-13 00:00:00"
10861,"Karl Jablonski","1998-01-30 00:00:00"
10904,"Karl Jablonski","1998-02-24 00:00:00"
11032,"Karl Jablonski","1998-04-17 00:00:00"
11066,"Karl Jablonski","1998-05-01 00:00:00"
10615,"Matti Karttunen","1997-07-30 00:00:00"
10673,"Matti Karttunen","1997-09-18 00:00:00"
10695,"Matti Karttunen","1997-10-07 00:00:00"
10873,"Matti Karttunen","1998-02-06 00:00:00"
10879,"Matti Karttunen","1998-02-10 00:00:00"
10910,"Matti Karttunen","1998-02-26 00:00:00"
11005,"Matti Karttunen","1998-04-07 00:00:00"
10374,"Zbyszek Piestrzeniewicz","1996-12-05 00:00:00"
10611,"Zbyszek Piestrzeniewicz","1997-07-25 00:00:00"
10792,"Zbyszek Piestrzeniewicz","1997-12-23 00:00:00"
10870,"Zbyszek Piestrzeniewicz","1998-02-04 00:00:00"
10906,"Zbyszek Piestrzeniewicz","1998-02-25 00:00:00"
10998,"Zbyszek Piestrzeniewicz","1998-04-03 00:00:00"
11044,"Zbyszek Piestrzeniewicz","1998-04-23 00:00:00"
