ContactName,OrderID
"Alejandra Camino",10281
"Alejandra Camino",10282
"Alejandra Camino",10306
"Alejandra Camino",10917
"Alejandra Camino",11013
"Alexander Feuer",10277
"Alexander Feuer",10575
"Alexander Feuer",10699
"Alexander Feuer",10779
"Alexander Feuer",10945
"Ana Trujillo",10308
"Ana Trujillo",10625
"Ana Trujillo",10759
"Ana Trujillo",10926
"Anabela Domingues",10292
"Anabela Domingues",10496
"Anabela Domingues",10606
"Anabela Domingues",10830
"Anabela Domingues",10834
"Anabela Domingues",10839
"Andr Fonseca",10423
"Andr Fonseca",10652
"Andr Fonseca",10685
"Andr Fonseca",10709
"Andr Fonseca",10734
"Andr Fonseca",10777
"Andr Fonseca",10790
"Andr Fonseca",10959
"Andr Fonseca",11049
"Ann Devon",10364
"Ann Devon",10400
"Ann Devon",10532
"Ann Devon",10726
"Ann Devon",10987
"Ann Devon",11024
"Ann Devon",11047
"Ann Devon",11056
"Annette Roulet",10350
"Annette Roulet",10358
"Annette Roulet",10371
"Annette Roulet",10413
"Annette Roulet",10425
"Annette Roulet",10454
"Annette Roulet",10493
"Annette Roulet",10500
"Annette Roulet",10610
"Annette Roulet",10631
"Annette Roulet",10787
"Annette Roulet",10832
"Annette Roulet",10923
"Annette Roulet",11051
"Antonio Moreno",10365
"Antonio Moreno",10507
"Antonio Moreno",10535
"Antonio Moreno",10573
"Antonio Moreno",10677
"Antonio Moreno",10682
"Antonio Moreno",10856
"Aria Cruz",10347
"Aria Cruz",10386
"Aria Cruz",10414
"Aria Cruz",10512
"Aria Cruz",10581
"Aria Cruz",10650
"Aria Cruz",10725
"Art Braunschweiger",10271
"Art Braunschweiger",10329
"Art Braunschweiger",10349
"Art Braunschweiger",10369
"Art Braunschweiger",10385
"Art Braunschweiger",10432
"Art Braunschweiger",10756
"Art Braunschweiger",10821
"Art Braunschweiger",10974
"Bernardo Batista",10261
"Bernardo Batista",10291
"Bernardo Batista",10379
"Bernardo Batista",10421
"Bernardo Batista",10587
"Bernardo Batista",10647
"Bernardo Batista",10720
"Bernardo Batista",10794
"Bernardo Batista",10989
"Carine Schmitt",10671
"Carine Schmitt",10860
"Carine Schmitt",10971
"Carlos Gonzlez",10283
"Carlos Gonzlez",10296
"Carlos Gonzlez",10330
"Carlos Gonzlez",10357
"Carlos Gonzlez",10381
"Carlos Gonzlez",10461
"Carlos Gonzlez",10499
"Carlos Gonzlez",10543
"Carlos Gonzlez",10780
"Carlos Gonzlez",10823
"Carlos Gonzlez",10899
"Carlos Gonzlez",10997
"Carlos Gonzlez",11065
"Carlos Gonzlez",11071
"Carlos Hernndez",10257
"Carlos Hernndez",10395
"Carlos Hernndez",10476
"Carlos Hernndez",10486
"Carlos Hernndez",10490
"Carlos Hernndez",10498
"Carlos Hernndez",10552
"Carlos Hernndez",10601
"Carlos Hernndez",10613
"Carlos Hernndez",10641
"Carlos Hernndez",10705
"Carlos Hernndez",10796
"Carlos Hernndez",10863
"Carlos Hernndez",10901
"Carlos Hernndez",10957
"Carlos Hernndez",10960
"Carlos Hernndez",10976
"Carlos Hernndez",11055
"Catherine Dewey",10529
"Catherine Dewey",10649
"Catherine Dewey",10760
"Catherine Dewey",10892
"Catherine Dewey",10896
"Catherine Dewey",10978
"Catherine Dewey",11004
"Christina Berglund",10278
"Christina Berglund",10280
"Christina Berglund",10384
"Christina Berglund",10444
"Christina Berglund",10445
"Christina Berglund",10524
"Christina Berglund",10572
"Christina Berglund",10626
"Christina Berglund",10654
"Christina Berglund",10672
"Christina Berglund",10689
"Christina Berglund",10733
"Christina Berglund",10778
"Christina Berglund",10837
"Christina Berglund",10857
"Christina Berglund",10866
"Christina Berglund",10875
"Christina Berglund",10924
"Daniel Tonini",10858
"Daniel Tonini",10927
"Daniel Tonini",10972
"Daniel Tonini",10973
"Diego Roel",NULL
"Dominique Perrier",10738
"Dominique Perrier",10907
"Dominique Perrier",10964
"Dominique Perrier",11043
"Eduardo Saavedra",10366
"Eduardo Saavedra",10426
"Eduardo Saavedra",10568
"Eduardo Saavedra",10887
"Eduardo Saavedra",10928
"Elizabeth Brown",10435
"Elizabeth Brown",10462
"Elizabeth Brown",10848
"Elizabeth Lincoln",10389
"Elizabeth Lincoln",10410
"Elizabeth Lincoln",10411
"Elizabeth Lincoln",10431
"Elizabeth Lincoln",10492
"Elizabeth Lincoln",10742
"Elizabeth Lincoln",10918
"Elizabeth Lincoln",10944
"Elizabeth Lincoln",10949
"Elizabeth Lincoln",10975
"Elizabeth Lincoln",10982
"Elizabeth Lincoln",11027
"Elizabeth Lincoln",11045
"Elizabeth Lincoln",11048
"Felipe Izquierdo",10405
"Felipe Izquierdo",10485
"Felipe Izquierdo",10638
"Felipe Izquierdo",10697
"Felipe Izquierdo",10729
"Felipe Izquierdo",10811
"Felipe Izquierdo",10838
"Felipe Izquierdo",10840
"Felipe Izquierdo",10919
"Felipe Izquierdo",10954
"Felipe Izquierdo",11014
"Felipe Izquierdo",11039
"Fran Wilson",10307
"Fran Wilson",10317
"Fran Wilson",10544
"Fran Wilson",10662
"Fran Wilson",10665
"Fran Wilson",10867
"Fran Wilson",10883
"Fran Wilson",11018
"Francisco Chang",10259
"Frdrique Citeaux",10265
"Frdrique Citeaux",10297
"Frdrique Citeaux",10360
"Frdrique Citeaux",10436
"Frdrique Citeaux",10449
"Frdrique Citeaux",10559
"Frdrique Citeaux",10566
"Frdrique Citeaux",10584
"Frdrique Citeaux",10628
"Frdrique Citeaux",10679
"Frdrique Citeaux",10826
"Georg Pipps",10353
"Georg Pipps",10392
"Georg Pipps",10427
"Georg Pipps",10489
"Georg Pipps",10530
"Georg Pipps",10597
"Georg Pipps",10686
"Georg Pipps",10747
"Georg Pipps",10844
"Georg Pipps",11053
"Giovanni Rovelli",10275
"Giovanni Rovelli",10300
"Giovanni Rovelli",10404
"Giovanni Rovelli",10467
"Giovanni Rovelli",10635
"Giovanni Rovelli",10754
"Giovanni Rovelli",10784
"Giovanni Rovelli",10818
"Giovanni Rovelli",10939
"Giovanni Rovelli",10950
"Guillermo Fernndez",10322
"Guillermo Fernndez",10354
"Guillermo Fernndez",10474
"Guillermo Fernndez",10502
"Guillermo Fernndez",10995
"Guillermo Fernndez",11073
"Hanna Moos",10501
"Hanna Moos",10509
"Hanna Moos",10582
"Hanna Moos",10614
"Hanna Moos",10853
"Hanna Moos",10956
"Hanna Moos",11058
"Hari Kumar",10359
"Hari Kumar",10377
"Hari Kumar",10388
"Hari Kumar",10472
"Hari Kumar",10523
"Hari Kumar",10547
"Hari Kumar",10800
"Hari Kumar",10804
"Hari Kumar",10869
"Helen Bennett",10315
"Helen Bennett",10318
"Helen Bennett",10321
"Helen Bennett",10473
"Helen Bennett",10621
"Helen Bennett",10674
"Helen Bennett",10749
"Helen Bennett",10798
"Helen Bennett",10829
"Helen Bennett",10933
"Helvetius Nagy",10574
"Helvetius Nagy",10577
"Helvetius Nagy",10822
"Henriette Pfalzheim",10260
"Henriette Pfalzheim",10407
"Henriette Pfalzheim",10508
"Henriette Pfalzheim",10554
"Henriette Pfalzheim",10580
"Henriette Pfalzheim",10684
"Henriette Pfalzheim",10766
"Henriette Pfalzheim",10833
"Henriette Pfalzheim",10999
"Henriette Pfalzheim",11020
"Horst Kloss",10273
"Horst Kloss",10285
"Horst Kloss",10286
"Horst Kloss",10313
"Horst Kloss",10345
"Horst Kloss",10361
"Horst Kloss",10418
"Horst Kloss",10451
"Horst Kloss",10515
"Horst Kloss",10527
"Horst Kloss",10540
"Horst Kloss",10549
"Horst Kloss",10588
"Horst Kloss",10658
"Horst Kloss",10691
"Horst Kloss",10694
"Horst Kloss",10721
"Horst Kloss",10745
"Horst Kloss",10765
"Horst Kloss",10788
"Horst Kloss",10845
"Horst Kloss",10865
"Horst Kloss",10878
"Horst Kloss",10938
"Horst Kloss",10962
"Horst Kloss",10991
"Horst Kloss",10996
"Horst Kloss",11021
"Howard Snyder",10528
"Howard Snyder",10589
"Howard Snyder",10616
"Howard Snyder",10617
"Howard Snyder",10656
"Howard Snyder",10681
"Howard Snyder",10816
"Howard Snyder",10936
"Howard Snyder",11006
"Howard Snyder",11040
"Howard Snyder",11061
"Isabel de Castro",10336
"Isabel de Castro",10397
"Isabel de Castro",10433
"Isabel de Castro",10477
"Isabel de Castro",11007
"Jaime Yorres",NULL
"Jaime Yorres",10579
"Jaime Yorres",10719
"Jaime Yorres",10735
"Jaime Yorres",10884
"Janete Limeira",10287
"Janete Limeira",10299
"Janete Limeira",10447
"Janete Limeira",10481
"Janete Limeira",10563
"Janete Limeira",10622
"Janete Limeira",10648
"Janete Limeira",10813
"Janete Limeira",10851
"Janete Limeira",10877
"Janete Limeira",11059
"Janine Labrune",10311
"Janine Labrune",10609
"Janine Labrune",10683
"Janine Labrune",10890
"Jean Fresnire",10332
"Jean Fresnire",10339
"Jean Fresnire",10376
"Jean Fresnire",10424
"Jean Fresnire",10439
"Jean Fresnire",10505
"Jean Fresnire",10565
"Jean Fresnire",10570
"Jean Fresnire",10590
"Jean Fresnire",10605
"Jean Fresnire",10618
"Jean Fresnire",10619
"Jean Fresnire",10724
"John Steel",10482
"John Steel",10545
"Jonas Bergulfsen",10387
"Jonas Bergulfsen",10520
"Jonas Bergulfsen",10639
"Jonas Bergulfsen",10831
"Jonas Bergulfsen",10909
"Jonas Bergulfsen",11015
"Jos Pedro Freyre",10303
"Jos Pedro Freyre",10550
"Jos Pedro Freyre",10629
"Jos Pedro Freyre",10872
"Jos Pedro Freyre",10874
"Jos Pedro Freyre",10888
"Jos Pedro Freyre",10911
"Jos Pedro Freyre",10948
"Jos Pedro Freyre",11009
"Jos Pedro Freyre",11037
"Jose Pavarotti",10324
"Jose Pavarotti",10393
"Jose Pavarotti",10398
"Jose Pavarotti",10440
"Jose Pavarotti",10452
"Jose Pavarotti",10510
"Jose Pavarotti",10555
"Jose Pavarotti",10603
"Jose Pavarotti",10607
"Jose Pavarotti",10612
"Jose Pavarotti",10627
"Jose Pavarotti",10657
"Jose Pavarotti",10678
"Jose Pavarotti",10700
"Jose Pavarotti",10711
"Jose Pavarotti",10713
"Jose Pavarotti",10714
"Jose Pavarotti",10722
"Jose Pavarotti",10748
"Jose Pavarotti",10757
"Jose Pavarotti",10815
"Jose Pavarotti",10847
"Jose Pavarotti",10882
"Jose Pavarotti",10894
"Jose Pavarotti",10941
"Jose Pavarotti",10983
"Jose Pavarotti",10984
"Jose Pavarotti",11002
"Jose Pavarotti",11030
"Jose Pavarotti",11031
"Jose Pavarotti",11064
"Jytte Petersen",10341
"Jytte Petersen",10417
"Jytte Petersen",10556
"Jytte Petersen",10642
"Jytte Petersen",10669
"Jytte Petersen",10802
"Jytte Petersen",11074
"Karin Josephs",10249
"Karin Josephs",10438
"Karin Josephs",10446
"Karin Josephs",10548
"Karin Josephs",10608
"Karin Josephs",10967
"Karl Jablonski",10269
"Karl Jablonski",10344
"Karl Jablonski",10469
"Karl Jablonski",10483
"Karl Jablonski",10504
"Karl Jablonski",10596
"Karl Jablonski",10693
"Karl Jablonski",10696
"Karl Jablonski",10723
"Karl Jablonski",10740
"Karl Jablonski",10861
"Karl Jablonski",10904
"Karl Jablonski",11032
"Karl Jablonski",11066
"Laurence Lebihan",10331
"Laurence Lebihan",10340
"Laurence Lebihan",10362
"Laurence Lebihan",10470
"Laurence Lebihan",10511
"Laurence Lebihan",10525
"Laurence Lebihan",10663
"Laurence Lebihan",10715
"Laurence Lebihan",10730
"Laurence Lebihan",10732
"Laurence Lebihan",10755
"Laurence Lebihan",10827
"Laurence Lebihan",10871
"Laurence Lebihan",10876
"Laurence Lebihan",10932
"Laurence Lebihan",10940
"Laurence Lebihan",11076
"Lcia Carvalho",10372
"Lcia Carvalho",10406
"Lcia Carvalho",10487
"Lcia Carvalho",10637
"Lcia Carvalho",10659
"Lcia Carvalho",10704
"Lcia Carvalho",10728
"Lcia Carvalho",10786
"Lcia Carvalho",10868
"Lcia Carvalho",10913
"Lcia Carvalho",10914
"Lcia Carvalho",10961
"Lcia Carvalho",11068
"Lino Rodriguez",10328
"Lino Rodriguez",10352
"Lino Rodriguez",10464
"Lino Rodriguez",10491
"Lino Rodriguez",10551
"Lino Rodriguez",10604
"Lino Rodriguez",10664
"Lino Rodriguez",10963
"Liu Wong",10624
"Liu Wong",10775
"Liu Wong",11003
"Liz Nixon",10310
"Liz Nixon",10708
"Liz Nixon",10805
"Liz Nixon",10992
"Manuel Pereira",10268
"Manuel Pereira",10785
"Maria Anders",10643
"Maria Anders",10692
"Maria Anders",10702
"Maria Anders",10835
"Maria Anders",10952
"Maria Anders",11011
"Maria Larsson",10264
"Maria Larsson",10327
"Maria Larsson",10378
"Maria Larsson",10434
"Maria Larsson",10460
"Maria Larsson",10533
"Maria Larsson",10561
"Maria Larsson",10703
"Maria Larsson",10762
"Maria Larsson",10774
"Maria Larsson",10824
"Maria Larsson",10880
"Maria Larsson",10902
"Maria Larsson",10955
"Maria Larsson",10977
"Maria Larsson",10980
"Maria Larsson",10993
"Maria Larsson",11001
"Maria Larsson",11050
"Marie Bertrand",NULL
"Mario Pontes",10250
"Mario Pontes",10253
"Mario Pontes",10541
"Mario Pontes",10645
"Mario Pontes",10690
"Mario Pontes",10770
"Mario Pontes",10783
"Mario Pontes",10886
"Mario Pontes",10903
"Mario Pontes",10922
"Mario Pontes",10925
"Mario Pontes",10981
"Mario Pontes",11022
"Mario Pontes",11052
"Martine Ranc",10408
"Martine Ranc",10480
"Martine Ranc",10634
"Martine Ranc",10763
"Martine Ranc",10789
"Martn Sommer",10326
"Martn Sommer",10801
"Martn Sommer",10970
"Mary Saveley",10251
"Mary Saveley",10334
"Mary Saveley",10450
"Mary Saveley",10459
"Mary Saveley",10478
"Mary Saveley",10546
"Mary Saveley",10806
"Mary Saveley",10814
"Mary Saveley",10843
"Mary Saveley",10850
"Matti Karttunen",10615
"Matti Karttunen",10673
"Matti Karttunen",10695
"Matti Karttunen",10873
"Matti Karttunen",10879
"Matti Karttunen",10910
"Matti Karttunen",11005
"Maurizio Moroni",10288
"Maurizio Moroni",10428
"Maurizio Moroni",10443
"Maurizio Moroni",10562
"Maurizio Moroni",10586
"Maurizio Moroni",10655
"Maurizio Moroni",10727
"Maurizio Moroni",10812
"Maurizio Moroni",10908
"Maurizio Moroni",10942
"Maurizio Moroni",11010
"Maurizio Moroni",11062
"Michael Holz",10255
"Michael Holz",10419
"Michael Holz",10537
"Michael Holz",10666
"Michael Holz",10751
"Michael Holz",10758
"Michael Holz",10931
"Michael Holz",10951
"Michael Holz",11033
"Michael Holz",11075
"Miguel Angel Paolino",10276
"Miguel Angel Paolino",10293
"Miguel Angel Paolino",10304
"Miguel Angel Paolino",10319
"Miguel Angel Paolino",10518
"Miguel Angel Paolino",10576
"Miguel Angel Paolino",10676
"Miguel Angel Paolino",10842
"Miguel Angel Paolino",10915
"Miguel Angel Paolino",11069
"Palle Ibsen",10367
"Palle Ibsen",10399
"Palle Ibsen",10465
"Palle Ibsen",10591
"Palle Ibsen",10602
"Palle Ibsen",10688
"Palle Ibsen",10744
"Palle Ibsen",10769
"Palle Ibsen",10921
"Palle Ibsen",10946
"Palle Ibsen",10994
"Paolo Accorti",10422
"Paolo Accorti",10710
"Paolo Accorti",10753
"Paolo Accorti",10807
"Paolo Accorti",11026
"Paolo Accorti",11060
"Pascale Cartrain",10252
"Pascale Cartrain",10302
"Pascale Cartrain",10458
"Pascale Cartrain",10463
"Pascale Cartrain",10475
"Pascale Cartrain",10767
"Pascale Cartrain",10841
"Pascale Cartrain",10846
"Pascale Cartrain",10885
"Pascale Cartrain",10930
"Pascale Cartrain",11035
"Pascale Cartrain",11038
"Patricia McKenna",10298
"Patricia McKenna",10309
"Patricia McKenna",10335
"Patricia McKenna",10373
"Patricia McKenna",10380
"Patricia McKenna",10429
"Patricia McKenna",10503
"Patricia McKenna",10516
"Patricia McKenna",10567
"Patricia McKenna",10646
"Patricia McKenna",10661
"Patricia McKenna",10687
"Patricia McKenna",10701
"Patricia McKenna",10712
"Patricia McKenna",10736
"Patricia McKenna",10897
"Patricia McKenna",10912
"Patricia McKenna",10985
"Patricia McKenna",11063
"Patricio Simpson",10521
"Patricio Simpson",10782
"Patricio Simpson",10819
"Patricio Simpson",10881
"Patricio Simpson",10937
"Patricio Simpson",11054
"Paul Henriot",10248
"Paul Henriot",10274
"Paul Henriot",10295
"Paul Henriot",10737
"Paul Henriot",10739
"Paula Parente",10256
"Paula Parente",10420
"Paula Parente",10585
"Paula Parente",10644
"Paula Parente",10803
"Paula Parente",10809
"Paula Parente",10900
"Paula Parente",10905
"Paula Parente",10935
"Paula Wilson",10262
"Paula Wilson",10272
"Paula Wilson",10294
"Paula Wilson",10314
"Paula Wilson",10316
"Paula Wilson",10346
"Paula Wilson",10401
"Paula Wilson",10479
"Paula Wilson",10564
"Paula Wilson",10569
"Paula Wilson",10598
"Paula Wilson",10761
"Paula Wilson",10820
"Paula Wilson",10852
"Paula Wilson",10889
"Paula Wilson",10988
"Paula Wilson",11000
"Paula Wilson",11077
"Pedro Afonso",10290
"Pedro Afonso",10466
"Pedro Afonso",10494
"Pedro Afonso",10969
"Pedro Afonso",11042
"Peter Franken",10267
"Peter Franken",10337
"Peter Franken",10342
"Peter Franken",10396
"Peter Franken",10488
"Peter Franken",10560
"Peter Franken",10623
"Peter Franken",10653
"Peter Franken",10670
"Peter Franken",10675
"Peter Franken",10717
"Peter Franken",10791
"Peter Franken",10859
"Peter Franken",10929
"Peter Franken",11012
"Philip Cramer",10323
"Philip Cramer",10325
"Philip Cramer",10456
"Philip Cramer",10457
"Philip Cramer",10468
"Philip Cramer",10506
"Philip Cramer",10542
"Philip Cramer",10630
"Philip Cramer",10718
"Philip Cramer",10799
"Philip Cramer",10817
"Philip Cramer",10849
"Philip Cramer",10893
"Philip Cramer",11028
"Pirkko Koskitalo",10266
"Pirkko Koskitalo",10270
"Pirkko Koskitalo",10320
"Pirkko Koskitalo",10333
"Pirkko Koskitalo",10412
"Pirkko Koskitalo",10416
"Pirkko Koskitalo",10437
"Pirkko Koskitalo",10455
"Pirkko Koskitalo",10526
"Pirkko Koskitalo",10553
"Pirkko Koskitalo",10583
"Pirkko Koskitalo",10636
"Pirkko Koskitalo",10750
"Pirkko Koskitalo",10781
"Pirkko Koskitalo",11025
"Renate Messner",10279
"Renate Messner",10284
"Renate Messner",10343
"Renate Messner",10497
"Renate Messner",10522
"Renate Messner",10534
"Renate Messner",10536
"Renate Messner",10557
"Renate Messner",10592
"Renate Messner",10593
"Renate Messner",10772
"Renate Messner",10862
"Renate Messner",10891
"Renate Messner",10934
"Renate Messner",11070
"Rene Phillips",10305
"Rene Phillips",10338
"Rene Phillips",10441
"Rene Phillips",10594
"Rene Phillips",10680
"Rene Phillips",10706
"Rene Phillips",10808
"Rene Phillips",10855
"Rene Phillips",10965
"Rene Phillips",11034
"Rita Mller",10301
"Rita Mller",10312
"Rita Mller",10348
"Rita Mller",10356
"Rita Mller",10513
"Rita Mller",10632
"Rita Mller",10640
"Rita Mller",10651
"Rita Mller",10668
"Rita Mller",11046
"Roland Mendel",10258
"Roland Mendel",10263
"Roland Mendel",10351
"Roland Mendel",10368
"Roland Mendel",10382
"Roland Mendel",10390
"Roland Mendel",10402
"Roland Mendel",10403
"Roland Mendel",10430
"Roland Mendel",10442
"Roland Mendel",10514
"Roland Mendel",10571
"Roland Mendel",10595
"Roland Mendel",10633
"Roland Mendel",10667
"Roland Mendel",10698
"Roland Mendel",10764
"Roland Mendel",10771
"Roland Mendel",10773
"Roland Mendel",10776
"Roland Mendel",10795
"Roland Mendel",10836
"Roland Mendel",10854
"Roland Mendel",10895
"Roland Mendel",10968
"Roland Mendel",10979
"Roland Mendel",10990
"Roland Mendel",11008
"Roland Mendel",11017
"Roland Mendel",11072
"Sergio Gutirrez",10448
"Sergio Gutirrez",10716
"Sergio Gutirrez",10828
"Sergio Gutirrez",10916
"Sergio Gutirrez",11019
"Simon Crowther",10517
"Simon Crowther",10752
"Simon Crowther",11057
"Sven Ottlieb",10363
"Sven Ottlieb",10391
"Sven Ottlieb",10797
"Sven Ottlieb",10825
"Sven Ottlieb",11036
"Sven Ottlieb",11067
"Thomas Hardy",10355
"Thomas Hardy",10383
"Thomas Hardy",10453
"Thomas Hardy",10558
"Thomas Hardy",10707
"Thomas Hardy",10741
"Thomas Hardy",10743
"Thomas Hardy",10768
"Thomas Hardy",10793
"Thomas Hardy",10864
"Thomas Hardy",10920
"Thomas Hardy",10953
"Thomas Hardy",11016
Val2,NULL
"Valon Hoti",NULL
"Victoria Ashworth",10289
"Victoria Ashworth",10471
"Victoria Ashworth",10484
"Victoria Ashworth",10538
"Victoria Ashworth",10539
"Victoria Ashworth",10578
"Victoria Ashworth",10599
"Victoria Ashworth",10943
"Victoria Ashworth",10947
"Victoria Ashworth",11023
"Yang Wang",10254
"Yang Wang",10370
"Yang Wang",10519
"Yang Wang",10731
"Yang Wang",10746
"Yang Wang",10966
"Yang Wang",11029
"Yang Wang",11041
"Yoshi Latimer",10375
"Yoshi Latimer",10394
"Yoshi Latimer",10415
"Yoshi Latimer",10600
"Yoshi Latimer",10660
"Yoshi Tannamuri",10495
"Yoshi Tannamuri",10620
"Yoshi Tannamuri",10810
"Yvonne Moncada",10409
"Yvonne Moncada",10531
"Yvonne Moncada",10898
"Yvonne Moncada",10958
"Yvonne Moncada",10986
"Zbyszek Piestrzeniewicz",10374
"Zbyszek Piestrzeniewicz",10611
"Zbyszek Piestrzeniewicz",10792
"Zbyszek Piestrzeniewicz",10870
"Zbyszek Piestrzeniewicz",10906
"Zbyszek Piestrzeniewicz",10998
"Zbyszek Piestrzeniewicz",11044
